Metric,Per-phase reference,Shared-PE,Change
Resource utilization (xc7a35t),,,
Occupied slices,406,290,-28.6\%
Slice LUTs (total),1250,907,-27.4\%
LUT as logic,994,651,-34.5\%
LUT as memory,256,256,--
Slice registers (FF),474,357,-24.7\%
DSP48E1 blocks,12,3,-75.0\%
BRAM (36Kb),0,0,--
LUT utilisation (%),6.0,4.4,--
DSP utilisation (%),13.3,3.3,--
Datapath composition,,,
Modular multipliers,4,1,-75.0\%
Modular ADD/SUB units,6,2,-66.7\%
DSP per multiplier,3,3,--
Timing and performance,,,
Fmax derived (MHz),74.6,76.9,+3.1\%
Fmax closed (MHz),72.5,74.5,+2.8\%
Clock period (ns),13.798,13.418,-2.8\%
Clock cycles / poly mult,"27,269","27,269",--
Latency (us),376.3,365.9,-2.8\%
Throughput (poly mult/s),2658,2733,+2.8\%
"Power (post route, vectorless, 10 ns)",,,
Dynamic power (mW),11.82,9.08,-23.1\%
Static power (mW),68.4,68.4,--
Total power (mW),80.2,77.5,-3.4\%
Efficiency figures of merit,,,
Energy / op (uJ),30.19,28.36,-6.1\%
ATP (LUT.us),"470,322","331,867",-29.4\%
DTP (DSP.us),"4,515","1,098",-75.7\%
EDP (nJ.s),11.36,10.38,-8.7\%
