group,metric,value_unrounded
per_phase_baseline,atp_lut_us,470322.0775000001
per_phase_baseline,bram36,0
per_phase_baseline,closed_period_ns,13.798
per_phase_baseline,closed_wns,0.201
per_phase_baseline,critical_path_delay_ns,13.356
per_phase_baseline,critical_path_logic_ns,8.82
per_phase_baseline,critical_path_route_ns,4.536
per_phase_baseline,cycles,27269
per_phase_baseline,dsp,12
per_phase_baseline,dsp_util_pct,13.33
per_phase_baseline,dtp_dsp_us,4515.091944000001
per_phase_baseline,dynamic_mw,11.816
per_phase_baseline,edp_nj_s,11.359676271730363
per_phase_baseline,energy_per_op_uj,30.191215805009605
per_phase_baseline,ffs,474
per_phase_baseline,fmax_closed_mhz,72.47427163357008
per_phase_baseline,fmax_derived_mhz,74.57677679170706
per_phase_baseline,latency_us,376.25766200000004
per_phase_baseline,lut_logic,994
per_phase_baseline,lut_memory,256
per_phase_baseline,lut_util_pct,6.01
per_phase_baseline,luts,1250
per_phase_baseline,slices,406
per_phase_baseline,static_mw,68.42580000000001
per_phase_baseline,throughput_per_s,2657.7531861663456
per_phase_baseline,total_mw,80.24080000000001
per_phase_baseline,wns_at_10ns,-3.409
pipelined_barrett,atp_lut_us,232520.5492
pipelined_barrett,bram36,0
pipelined_barrett,closed_period_ns,8.3
pipelined_barrett,closed_wns,0.008
pipelined_barrett,critical_path_delay_ns,9.442
pipelined_barrett,critical_path_logic_ns,1.782
pipelined_barrett,critical_path_route_ns,7.66
pipelined_barrett,cycles,30853
pipelined_barrett,dsp,3
pipelined_barrett,dsp_util_pct,3.33
pipelined_barrett,dtp_dsp_us,768.2397000000001
pipelined_barrett,dynamic_mw,9.187000000000001
pipelined_barrett,edp_nj_s,5.0893456951327956
pipelined_barrett,energy_per_op_uj,19.87405374312
pipelined_barrett,ffs,336
pipelined_barrett,fmax_closed_mhz,120.48192771084337
pipelined_barrett,fmax_derived_mhz,105.29640939243971
pipelined_barrett,latency_us,256.0799
pipelined_barrett,lut_logic,652
pipelined_barrett,lut_memory,256
pipelined_barrett,lut_util_pct,4.37
pipelined_barrett,luts,908
pipelined_barrett,slices,269
pipelined_barrett,static_mw,68.42080000000001
pipelined_barrett,throughput_per_s,3905.031203151829
pipelined_barrett,total_mw,77.6088
pipelined_barrett,wns_at_10ns,0.503
shared_pe,atp_lut_us,331867.165894
shared_pe,bram36,0
shared_pe,closed_period_ns,13.418
shared_pe,closed_wns,0.022
shared_pe,critical_path_delay_ns,12.956
shared_pe,critical_path_logic_ns,8.758
shared_pe,critical_path_route_ns,4.198
shared_pe,cycles,27269
shared_pe,dsp,3
shared_pe,dsp_util_pct,3.33
shared_pe,dtp_dsp_us,1097.6863259999998
shared_pe,dynamic_mw,9.084
shared_pe,edp_nj_s,10.376301893396574
shared_pe,energy_per_op_uj,28.358653053121596
shared_pe,ffs,357
shared_pe,fmax_closed_mhz,74.52675510508273
shared_pe,fmax_derived_mhz,76.85804319422029
shared_pe,latency_us,365.89544199999995
shared_pe,lut_logic,651
shared_pe,lut_memory,256
shared_pe,lut_util_pct,4.36
shared_pe,luts,907
shared_pe,slices,290
shared_pe,static_mw,68.42080000000001
shared_pe,throughput_per_s,2733.021200083712
shared_pe,total_mw,77.5048
shared_pe,wns_at_10ns,-3.011
shared_vs_per_phase,atp_lut_us,-29.438318596898117
shared_vs_per_phase,closed_period_ns,-2.7540223220756688
shared_vs_per_phase,dsp,-75.0
shared_vs_per_phase,dtp_dsp_us,-75.68850558051892
shared_vs_per_phase,dynamic_mw,-23.121191604603936
shared_vs_per_phase,edp_nj_s,-8.656711290100843
shared_vs_per_phase,energy_per_op_uj,-6.0698541049941195
shared_vs_per_phase,ffs,-24.68354430379747
shared_vs_per_phase,fmax_closed_mhz,2.832016693993147
shared_vs_per_phase,fmax_derived_mhz,3.0589501191299835
shared_vs_per_phase,latency_us,-2.754022322075688
shared_vs_per_phase,lut_logic,-34.50704225352113
shared_vs_per_phase,luts,-27.439999999999998
shared_vs_per_phase,slices,-28.57142857142857
shared_vs_per_phase,throughput_per_s,2.832016693993169
shared_vs_per_phase,total_mw,-3.409736692555413
pipelined_vs_primary,atp_lut_us,-29.935657065192096
pipelined_vs_primary,closed_period_ns,-38.142793262781325
pipelined_vs_primary,cycles,13.14312956104001
pipelined_vs_primary,ffs,-5.88235294117647
pipelined_vs_primary,fmax_closed_mhz,61.66265060240962
pipelined_vs_primary,fmax_ratio,1.6166265060240963
pipelined_vs_primary,latency_us,-30.012820438468307
pipelined_vs_primary,luts,0.11025358324145534
common_period_saif_manuscript_stimulus,dynamic_power_change_pct,-29.272968588703723
common_period_saif_random_stimulus,dynamic_power_change_pct,-28.31991951710262
common_period_vectorless_common_period,dynamic_power_change_pct,-23.28880482326516
