design,run,role,period_ns,slice_luts,lut_as_logic,lut_as_memory,slice_registers,occupied_slices,dsp48e1,bram36_tiles,ramb18,lut_util_pct,ff_util_pct,slice_util_pct,dsp_util_pct
shared_pe,t10p000,at_10ns,10.0,907,651,256,357,290,3,0,0,4.36,0.86,3.56,3.33
shared_pe,t13p061,closure_search,13.061,907,651,256,357,289,3,0,0,4.36,0.86,3.55,3.33
shared_pe,t13p418,closed,13.418,903,647,256,357,276,3,0,0,4.34,0.86,3.39,3.33
shared_pe,saif_t13p798,saif,13.798,895,639,256,333,278,3,0,0,4.3,0.8,3.41,3.33
shared_pe,saifrand_t13p798,saif_random_stimulus,13.798,895,639,256,333,278,3,0,0,4.3,0.8,3.41,3.33
shared_pe,vecless_t13p798,vecless_common,13.798,895,639,256,333,278,3,0,0,4.3,0.8,3.41,3.33
per_phase_baseline,t10p000,at_10ns,10.0,1250,994,256,474,406,12,0,0,6.01,1.14,4.98,13.33
per_phase_baseline,t13p459,closure_search,13.459,1226,970,256,474,409,12,0,0,5.89,1.14,5.02,13.33
per_phase_baseline,t13p601,closure_search,13.601,1191,935,256,426,411,12,0,0,5.73,1.02,5.04,13.33
per_phase_baseline,t13p798,closed,13.798,1203,947,256,474,412,12,0,0,5.78,1.14,5.06,13.33
per_phase_baseline,saif_t13p798,saif,13.798,1203,947,256,474,412,12,0,0,5.78,1.14,5.06,13.33
per_phase_baseline,saifrand_t13p798,saif_random_stimulus,13.798,1203,947,256,474,412,12,0,0,5.78,1.14,5.06,13.33
per_phase_baseline,vecless_t13p798,vecless_common,13.798,1203,947,256,474,412,12,0,0,5.78,1.14,5.06,13.33
pipelined_barrett,t10p000,at_10ns,10.0,908,652,256,336,269,3,0,0,4.37,0.81,3.3,3.33
pipelined_barrett,t9p500,closure_search,9.5,909,653,256,336,277,3,0,0,4.37,0.81,3.4,3.33
pipelined_barrett,t9p300,closure_search,9.3,914,658,256,349,284,3,0,0,4.39,0.84,3.48,3.33
pipelined_barrett,t9p100,closure_search,9.1,916,660,256,336,283,3,0,0,4.4,0.81,3.47,3.33
pipelined_barrett,t8p900,closure_search,8.9,918,662,256,349,283,3,0,0,4.41,0.84,3.47,3.33
pipelined_barrett,t8p700,closure_search,8.7,929,673,256,349,283,3,0,0,4.47,0.84,3.47,3.33
pipelined_barrett,t8p500,closure_search,8.5,932,676,256,349,285,3,0,0,4.48,0.84,3.5,3.33
pipelined_barrett,t8p300,closed,8.3,937,681,256,349,303,3,0,0,4.5,0.84,3.72,3.33
pipelined_barrett,t8p100,closure_search,8.1,944,688,256,349,291,3,0,0,4.54,0.84,3.57,3.33
