design,run,role,period_ns,wns_ns,tns_ns,whs_ns,failing_setup_endpoints,met_timing,fmax_derived_mhz,fmax_closed_mhz,critical_path_delay_ns,critical_path_logic_ns,critical_path_route_ns,logic_levels,critical_source,critical_destination,routing_errors,unrouted_nets
shared_pe,t10p000,at_10ns,10.0,-3.011,-35.102,0.179,18,False,76.8580,,12.956,8.758,4.198,7,r0_i_1/C,u_mult/u_mult/result_reg[5]/D,0,
shared_pe,t13p061,closure_search,13.061,-0.307,-1.781,0.174,8,False,74.8055,,13.315,8.82,4.495,7,r0_i_1/C,u_mult/u_mult/result_reg[2]/D,0,
shared_pe,t13p418,closed,13.418,0.022,0.0,0.158,0,True,74.6491,74.5268,13.343,8.82,4.523,7,r0_i_1/C,u_mult/u_mult/result_reg[8]/D,0,
shared_pe,saif_t13p798,saif,13.798,0.079,0.0,0.17,0,True,72.8916,72.4743,13.753,8.995,4.758,7,u_mult/u_mult/prod_r0/CLK,u_mult/u_mult/result_reg[10]/D,0,
shared_pe,saifrand_t13p798,saif_random_stimulus,13.798,0.079,0.0,0.17,0,True,72.8916,72.4743,13.753,8.995,4.758,7,u_mult/u_mult/prod_r0/CLK,u_mult/u_mult/result_reg[10]/D,0,
shared_pe,vecless_t13p798,vecless_common,13.798,0.079,0.0,0.17,0,True,72.8916,72.4743,13.753,8.995,4.758,7,u_mult/u_mult/prod_r0/CLK,u_mult/u_mult/result_reg[10]/D,0,
per_phase_baseline,t10p000,at_10ns,10.0,-3.409,-149.283,0.146,48,False,74.5768,,13.356,8.82,4.536,7,r0_i_1__2/C,u_mult_scale/u_mult/result_reg[8]/D,0,
per_phase_baseline,t13p459,closure_search,13.459,-0.092,-0.532,0.181,15,False,73.7953,,13.546,8.758,4.788,7,r0_i_1__0/C,u_mult_bm/u_mult/result_reg[4]/D,0,
per_phase_baseline,t13p601,closure_search,13.601,-0.147,-0.671,0.156,8,False,72.7379,,13.696,8.99,4.706,7,r0_i_1__0/C,u_mult_bm/u_mult/result_reg[11]/D,0,
per_phase_baseline,t13p798,closed,13.798,0.201,0.0,0.178,0,True,73.5456,72.4743,13.545,8.994,4.551,7,r0_i_1__2/C,u_mult_scale/u_mult/result_reg[8]/D,0,
per_phase_baseline,saif_t13p798,saif,13.798,0.201,0.0,0.178,0,True,73.5456,72.4743,13.545,8.994,4.551,7,r0_i_1__2/C,u_mult_scale/u_mult/result_reg[8]/D,0,
per_phase_baseline,saifrand_t13p798,saif_random_stimulus,13.798,0.201,0.0,0.178,0,True,73.5456,72.4743,13.545,8.994,4.551,7,r0_i_1__2/C,u_mult_scale/u_mult/result_reg[8]/D,0,
per_phase_baseline,vecless_t13p798,vecless_common,13.798,0.201,0.0,0.178,0,True,73.5456,72.4743,13.545,8.994,4.551,7,r0_i_1__2/C,u_mult_scale/u_mult/result_reg[8]/D,0,
pipelined_barrett,t10p000,at_10ns,10.0,0.503,0.0,0.202,0,True,105.2964,100.0000,9.442,1.782,7.66,7,FSM_onehot_state_reg[11]/C,wa_reg[4]/D,0,
pipelined_barrett,t9p500,closure_search,9.5,0.416,0.0,0.149,0,True,110.0837,105.2632,9.029,1.71,7.319,9,FSM_onehot_state_reg[30]/C,wa_reg[1]/D,0,
pipelined_barrett,t9p300,closure_search,9.3,0.318,0.0,0.196,0,True,111.3338,107.5269,8.977,4.855,4.122,5,r0_i_15/C,u_mult/u_mult/result_reg[10]/D,0,
pipelined_barrett,t9p100,closure_search,9.1,0.282,0.0,0.168,0,True,113.4044,109.8901,8.425,2.476,5.949,10,FSM_onehot_state_reg[21]/C,w_sum_reg[2]/D,0,
pipelined_barrett,t8p900,closure_search,8.9,0.086,0.0,0.172,0,True,113.4559,112.3596,8.761,5.113,3.648,6,r0_i_15/C,u_mult/u_mult/result_reg[6]/D,0,
pipelined_barrett,t8p700,closure_search,8.7,0.104,0.0,0.161,0,True,116.3332,114.9425,8.593,4.979,3.614,6,r0_i_15/C,u_mult/u_mult/result_reg[4]/D,0,
pipelined_barrett,t8p500,closure_search,8.5,0.046,0.0,0.183,0,True,118.2872,117.6471,8.402,4.917,3.485,6,r0_i_15/C,u_mult/u_mult/result_reg[1]/D,0,
pipelined_barrett,t8p300,closed,8.3,0.008,0.0,0.203,0,True,120.5982,120.4819,8.239,1.572,6.667,9,FSM_onehot_state_reg[31]/C,wa_reg[8]/D,0,
pipelined_barrett,t8p100,closure_search,8.1,-0.21,-0.255,0.206,2,False,120.3369,,8.255,4.979,3.276,6,r0_i_15/C,u_mult/u_mult/result_reg[6]/D,0,
