secret_construction,design,secret,traces_per_group,max_abs_t,n_above_threshold,cycles_evaluated,pct_above_threshold
multi_secret,shared,0,200,51.522197,5277,24192,21.8130
multi_secret,shared,1,200,49.795347,5405,24192,22.3421
multi_secret,shared,2,200,69.345302,5269,24192,21.7799
multi_secret,shared,3,200,58.497129,5299,24192,21.9039
multi_secret,shared,4,200,51.440693,5285,24192,21.8461
multi_secret,baseline,0,200,51.522197,5277,24192,21.8130
multi_secret,baseline,1,200,49.795347,5405,24192,22.3421
multi_secret,baseline,2,200,69.345302,5269,24192,21.7799
multi_secret,baseline,3,200,58.497129,5299,24192,21.9039
multi_secret,baseline,4,200,51.440693,5285,24192,21.8461
multi_secret_constant_as_run,shared,0,200,82.047990,6363,24192,26.3021
multi_secret_constant_as_run,shared,1,200,82.461765,6111,24192,25.2604
multi_secret_constant_as_run,shared,2,200,82.255090,5878,24192,24.2973
multi_secret_constant_as_run,shared,3,200,83.399834,6310,24192,26.0830
multi_secret_constant_as_run,shared,4,200,87.229763,6455,24192,26.6824
multi_secret_constant_as_run,baseline,0,200,82.047990,6363,24192,26.3021
multi_secret_constant_as_run,baseline,1,200,82.461765,6112,24192,25.2646
multi_secret_constant_as_run,baseline,2,200,82.255090,5878,24192,24.2973
multi_secret_constant_as_run,baseline,3,200,83.399834,6310,24192,26.0830
multi_secret_constant_as_run,baseline,4,200,87.229763,6455,24192,26.6824
